<?xml version="1.0" encoding="UTF-8" standalone="no"?><DriverFile xmlns:xsi="https://natwest.com/XMLSchema-instance"><RecordKey>development</RecordKey><OrderUuid>252595C02</OrderUuid><EnvironmentIdentifier>development</EnvironmentIdentifier><PRODUCT_NAME>2CPLTRS</PRODUCT_NAME><Mailclass>2</Mailclass><CinOrBin/><Cin2/><EDeliveryOnly>N</EDeliveryOnly><PartyID/><PaperlessIndicator>P</PaperlessIndicator><CustomerType/><CCPTemplateDB><TouchpointName>x-Test</TouchpointName><TouchpointGUID/><TemplateID>ABCXYZ001</TemplateID><BusinessArea>Retail banking</BusinessArea><AddressFormatInd/></CCPTemplateDB><Customer><TEMPLATE_COMMON_NAME>AmethystSRGOpenUnclearLossCRAOfferSR</TEMPLATE_COMMON_NAME><Brand>UBN</Brand><MAILING_REF>252595C02_MailRef_2</MAILING_REF><TEMPLATE_COMMON_NAME>AmethystSRGOpenUnclearLossCRAOfferSR</TEMPLATE_COMMON_NAME><Brand>UBN</Brand><MAILING_REF>252595C02_MailRef_2</MAILING_REF><REF>252595C02</REF><Title>MR</Title><First_Names>BETA</First_Names><Surname>JONES</Surname><Address_Line_1>2 THE STREET</Address_Line_1><Address_Line_2>FLEETWOOD</Address_Line_2><Address_Line_3>LANCASHIRE</Address_Line_3><Address_Line_4/><Address_Line_5/><Postcode>FY2 2BB</Postcode><Country_Name>GBR</Country_Name><CIN>1169082352</CIN><Provider_Name>RBS Collective Investment Funds LTD</Provider_Name><Product_Name>NatWest Investment Options ISA                              </Product_Name><Date_Product_Was_Sold>21/12/2010</Date_Product_Was_Sold><Date_Product_Was_Bought>17/12/2010</Date_Product_Was_Bought><Total_Payment_Value>5930.63</Total_Payment_Value><Payment_Lieu>36.21</Payment_Lieu><Tax_Deducted>7.24</Tax_Deducted><Account_Ending>8790</Account_Ending><Calculation_Date>25/07/2023</Calculation_Date><Initial_Investment>13131.11</Initial_Investment><Current_Value>8939.29</Current_Value><Nominal_Value>14840.95</Nominal_Value><Difference>5901.66</Difference><Letter_Post_Date>2023-07-26T14:43:06.825+0100</Letter_Post_Date><PRODUCT_CLOSED_DATE>21/12/2010</PRODUCT_CLOSED_DATE><TOTAL_PAYMENT>5930.63</TOTAL_PAYMENT><WITHDRAWAL_VALUE>5930.63</WITHDRAWAL_VALUE><RATIONALE/><ME_SUITABILITY_FAILURE_REASON>we should not have advised you to invest, as your circumstances at the time meant you shouldn't have taken any risk with the money you were investing.</ME_SUITABILITY_FAILURE_REASON><BENCHMARK>100% WMA FTSE Conservative Total Return Index</BENCHMARK><CLOSED_VALUE>8939.29</CLOSED_VALUE><PRODUCT_PROVIDER>RBS Collective Investment Funds LTD</PRODUCT_PROVIDER><ALTERNATIVE_PRODUCT_OR_FUND_COMPARISON>14840.95</ALTERNATIVE_PRODUCT_OR_FUND_COMPARISON><AMOUNT_ABOVE_BENCHMARK>5901.66</AMOUNT_ABOVE_BENCHMARK><SUITABILITY>not found to be suitable</SUITABILITY><Date_Of_Letter>2023-07-25T14:43:06.884+0100</Date_Of_Letter><DATE_OF_LETTER_90_DAYS>2023-10-23T14:43:06.887+0100</DATE_OF_LETTER_90_DAYS><SIGNATURE>Yes</SIGNATURE><SIGNED_DATE>Yes</SIGNED_DATE><DATE_OF_LAST_LETTER_SENT/></Customer></DriverFile>