RecordKey,OrderUuid,EnvironmentIdentifier,PRODUCT_NAME,Mailclass,CinOrBin,Cin2,PartyID,EDeliveryOnly,PaperlessIndicator,CustomerType,TouchpointName,TouchpointGUID,TemplateID,BusinessArea,AddressFormatInd,Centre Name,Team Name,Sort Code,Account Number,Addressee 1,Addressee 2,Address line 1,Address line 2,Address line 3,Address line 4,Address line 5,Post code,Confirm that mailing address is correct,Customer special requirements for correspondence,Salutation name,Closing Salutation,Account number,Sort code,Brand,Sub-brand,Our reference,Your reference,What has the customer asked us to do,Type of regular payments,Effective date for regular payments,Name of previous bank,Date for account closure,What has the customer requested,Date of balance transfer,Name of Financial Institution,Existing account number,Reason for writing,other Financial Institution,Date of contact1,Name of old bank,CES Event details text,Print method
CUSTOMER,D000000001,development,2CPLTRS,2,,,,N,P,,THR_ASU001-Customer Confirmation,,,,,ZZ Letters Team - Test,Letters Team,602477,84101652,The Company Secretary,Test@123,Aei K Wocv,Cxbwio,Ovxnygtuh,Cznbvovb,Test@123,123456,Yes,01.None,Mr,Yours faithfully,602477,84101652,NWB,NWB,Mr,Nitin,01. Switch account with Regular Payments,01. Standing Order(s),"March 01,2024",SBI,"March 01,2024",,,,,,,,,For Demo,Central Print
CUSTOMER,D000000002,development,2CPLTRS,2,,,,N,P,,THR_ASU001-Customer to Contact Old Bank,,,,,ZZ Letters Team - Test,Letters Team,602477,84101652,The Company Secretary,Test@123,Aei K Wocv,Cxbwio,Ovxnygtuh,Cznbvovb,Test@123,123456,Yes,01.None,Mr,Yours faithfully,602477,84101652,NWB,NWB,Mr,Nitin,,,,,,balance transfer,"March 01,2024",Yes Bank,12345678,,,,,For Demo,Central Print
CUSTOMER,D000000003,development,2CPLTRS,2,,,,N,P,,THR_ASU001-Inform of Delay,,,,,ZZ Letters Team - Test,Letters Team,602477,84101652,The Company Secretary,Test@123,Aei K Wocv,Cxbwio,Ovxnygtuh,Cznbvovb,Test@123,123456,Yes,01.None,Mr,Yours faithfully,602477,84101652,NWB,NWB,Mr,Nitin,,,,,,,,,,1. Closure request not received by other Financial Institution,ABCXYZ,"March 01,2024",,For Demo,Central Print
CUSTOMER,D000000004,development,2CPLTRS,2,,,,N,P,,THR_ASU001-Old Bank Not Sent Funds,,,,,ZZ Letters Team - Test,Letters Team,602477,84101652,The Company Secretary,Test@123,Aei K Wocv,Cxbwio,Ovxnygtuh,Cznbvovb,Test@123,123456,Yes,01.None,Mr,Yours faithfully,602477,84101652,NWB,NWB,Mr,Nitin,,,,,,,,,,,,,HDFC Bank,For Demo,Central Print
CUSTOMER,D000000005,development,2CPLTRS,2,,,,N,P,,THR_ASU001-Request to Contact,,,,,ZZ Letters Team - Test,Letters Team,602477,84101652,The Company Secretary,Test@123,Aei K Wocv,Cxbwio,Ovxnygtuh,Cznbvovb,Test@123,123456,Yes,01.None,Mr,Yours faithfully,602477,84101652,NWB,NWB,Mr,Nitin,,,,,,,,,,,,,,For Demo,Central Print
